<feed xmlns="http://www.w3.org/2005/Atom"> <id>https:fieldraccoon.github.io</id><title>fieldraccoon</title><subtitle>This is my blog where i will post hack the box writeups and any other things such as, CTF challenges that i might find interesting.</subtitle> <updated>2020-07-22T15:50:38+01:00</updated> <author> <name>fieldraccoon</name> <uri>https:fieldraccoon.github.io</uri> </author><link href="/feed.xml" rel="self" type="application/atom+xml" /><link href="https:fieldraccoon.github.io" rel="alternate" type="text/html" /> <generator uri="https://jekyllrb.com/" version="4.1.1">Jekyll</generator> <rights> © 2020 fieldraccoon </rights> <icon>/assets/img/favicons/favicon.ico</icon> <logo>/assets/img/favicons/favicon-96x96.png</logo> <entry><title>Sauna</title><link href="https:fieldraccoon.github.io/posts/saunatest/" rel="alternate" type="text/html" title="Sauna" /><published>2020-07-15T00:00:00+01:00</published> <updated>2020-07-22T15:50:38+01:00</updated> <id>https:fieldraccoon.github.io/posts/saunatest/</id> <content src="https:fieldraccoon.github.io/posts/saunatest/" /> <author> <name>fieldraccoon</name> </author> <category term="hack-the-box" /> <category term="windows" /> <summary> b3fe6e02bf913c7b45d3862226ee928c4f92c661cb1fa8ed1f6703ec9393ac982d9c0038a9bb776f2c993c85464242596b0c77299a987550cf1e0cd8643e361cHldYjppo4w2FJKannHLtZivcaDkKoiB1BOwQjmTeRJpXktU1QZIn6D10uTKe5eXV3dy4b...</summary> </entry> <entry><title>Sauna</title><link href="https:fieldraccoon.github.io/posts/sauna/" rel="alternate" type="text/html" title="Sauna" /><published>2020-07-15T00:00:00+01:00</published> <updated>2020-07-22T15:50:38+01:00</updated> <id>https:fieldraccoon.github.io/posts/sauna/</id> <content src="https:fieldraccoon.github.io/posts/sauna/" /> <author> <name>fieldraccoon</name> </author> <category term="hack-the-box" /> <category term="windows" /> <summary> Sauna was an easy linux box that involved web enum in order to get a username and then using GetNPUsers.py to get a password. Root involved dumping hashses with a password gained from windows regis...</summary> </entry> <entry><title>Book</title><link href="https:fieldraccoon.github.io/posts/book/" rel="alternate" type="text/html" title="Book" /><published>2020-07-11T00:00:00+01:00</published> <updated>2020-07-22T15:50:38+01:00</updated> <id>https:fieldraccoon.github.io/posts/book/</id> <content src="https:fieldraccoon.github.io/posts/book/" /> <author> <name>fieldraccoon</name> </author> <category term="hack-the-box" /> <category term="linux" /> <summary> Book was a medium linux machine that involved using burpsuite with an sql truncation attack and then required xss to reveal an ssh key in the form of a pdf. Root was a simple exploit involving log ...</summary> </entry> <entry><title>Europa</title><link href="https:fieldraccoon.github.io/posts/Europa/" rel="alternate" type="text/html" title="Europa" /><published>2020-07-11T00:00:00+01:00</published> <updated>2020-07-22T15:50:38+01:00</updated> <id>https:fieldraccoon.github.io/posts/Europa/</id> <content src="https:fieldraccoon.github.io/posts/Europa/" /> <author> <name>fieldraccoon</name> </author> <category term="hack-the-box" /> <category term="linux" /> <summary> Europa was a medium linux box that required an sql injection to bypass login followed by a reverse shell in the place of parameters using burpsuite, root involved enumeration of a cronjobs file bei...</summary> </entry> <entry><title>bankrobber user</title><link href="https:fieldraccoon.github.io/posts/bankrobber/" rel="alternate" type="text/html" title="bankrobber user" /><published>2020-07-09T00:00:00+01:00</published> <updated>2020-07-22T15:50:38+01:00</updated> <id>https:fieldraccoon.github.io/posts/bankrobber/</id> <content src="https:fieldraccoon.github.io/posts/bankrobber/" /> <author> <name>fieldraccoon</name> </author> <category term="hack-the-box" /> <category term="windows" /> <summary> Bankrobber overall was a very unstable box and due to that it was very fiddly to get a shell and get root so i will go over the methodology of the xss and sqli in depth for the user section. Of co...</summary> </entry> </feed>
